<?xml version="1.0" encoding="ISO-8859-1"?>
<strong><a href="questions_God.html">Questions about God (1)</a><a href="questions_God-2.html">(2)</a></strong><br>
				&nbsp;&nbsp;&nbsp;&nbsp; How do you explain the Trinity?<br>
				&nbsp;&nbsp;&nbsp;&nbsp; Why does God allow bad things to happen?<br>
				&nbsp;&nbsp;&nbsp;&nbsp; What are the different names of God and what do they mean?<br>
				&nbsp;&nbsp;&nbsp;&nbsp; Does God hear the prayers of unbelievers?<br><br>
<strong><a href="questions_Jesus-Christ.html">Questions about Jesus Christ (1)</a><a href="questions_Jesus-Christ-2.html">(2)</a></strong><br>
				&nbsp;&nbsp;&nbsp;&nbsp; Is Jesus God?<br>
				&nbsp;&nbsp;&nbsp;&nbsp; How can you prove Christ's resurrection?<br>
				&nbsp;&nbsp;&nbsp;&nbsp; Where was Jesus for the 3 days between His death and resurrection?<br>
				&nbsp;&nbsp;&nbsp;&nbsp; Why is the virgin birth so important?<br><br>
<a href="questions_Holy-Spirit.html"><strong>Questions about the Holy Spirit</strong></a><br>
				&nbsp;&nbsp;&nbsp;&nbsp; What is the blasphemy of the Spirit?<br>
				&nbsp;&nbsp;&nbsp;&nbsp; Are miraculous gifts for today?<br>
				&nbsp;&nbsp;&nbsp;&nbsp; What is the gift of tongues?<br>
				&nbsp;&nbsp;&nbsp;&nbsp; How can I know what my spiritual gift is?<br><br>
<a href="questions_salvation.html"><strong>Questions about Salvation</strong></a><br>
				&nbsp;&nbsp;&nbsp;&nbsp; Is there any way to lose your salvation?<br>
				&nbsp;&nbsp;&nbsp;&nbsp; What about people who never hear the Gospel?<br>
				&nbsp;&nbsp;&nbsp;&nbsp; Is salvation by faith alone, or faith plus works?<br>
				&nbsp;&nbsp;&nbsp;&nbsp; What is the age of accountability?<br><br>
<strong><a href="questions_Bible.html">Questions about the Bible (1)</a><a href="questions_Bible-2.html">(2)</a></strong><br>
				&nbsp;&nbsp;&nbsp;&nbsp; Why are there so many Bible translations?<br>
				&nbsp;&nbsp;&nbsp;&nbsp; How was the Bible put together?<br>
				&nbsp;&nbsp;&nbsp;&nbsp; Why should we study the Old Testament?<br>
				&nbsp;&nbsp;&nbsp;&nbsp; Does the Bible contain error, contradictions, or discrepancies?<br><br>
			<strong><a href="questions_church.html">Questions about the Church (1)</a><a href="questions_church-2.html">(2)</a></strong><br>
				&nbsp;&nbsp;&nbsp;&nbsp; Why is baptism important?<br>
				&nbsp;&nbsp;&nbsp;&nbsp; Should we worship on Saturday or Sunday?<br>
				&nbsp;&nbsp;&nbsp;&nbsp; What does the Bible say about Christian tithing? Should a Christian tithe?<br>
				&nbsp;&nbsp;&nbsp;&nbsp; Why is church attendance important?<br><br>
			<a href="questions_end-times.html"><strong>Questions about the End Times</strong></a><br>
				&nbsp;&nbsp;&nbsp;&nbsp; What is the mark of the beast?<br>
				&nbsp;&nbsp;&nbsp;&nbsp; When is the rapture going to happen?<br>
				&nbsp;&nbsp;&nbsp;&nbsp; What is the Judgment Seat of Christ?<br>
				&nbsp;&nbsp;&nbsp;&nbsp; Is the millennium literal or figurative?<br><br>
			<a href="questions_angels.html"><strong>Questions about Angels and Demons</strong></a><br>
				&nbsp;&nbsp;&nbsp;&nbsp; Who are the &quot;sons of God&quot;?<br>
				&nbsp;&nbsp;&nbsp;&nbsp; Do we have guardian angels?<br>
				&nbsp;&nbsp;&nbsp;&nbsp; Can Satan read our minds?<br>
				&nbsp;&nbsp;&nbsp;&nbsp; Can Christians be demon possessed?<br><br>
			<a href="questions_humanity.html"><strong>Questions about Humanity</strong></a><br>
				&nbsp;&nbsp;&nbsp;&nbsp; Who was Cain's wife?<br>
				&nbsp;&nbsp;&nbsp;&nbsp; What is the origin of the different races?<br>
				&nbsp;&nbsp;&nbsp;&nbsp; What is God's view on cloning?<br>
				&nbsp;&nbsp;&nbsp;&nbsp; What should a Christian believe about the death penalty?<br><br>
			<a href="questions_theology.html"><strong>Questions about Theology</strong></a><br>
				&nbsp;&nbsp;&nbsp;&nbsp; What is theology?<br>
				&nbsp;&nbsp;&nbsp;&nbsp; What are the different types of theology?<br>
				&nbsp;&nbsp;&nbsp;&nbsp; What is dispensationalism?<br>
				&nbsp;&nbsp;&nbsp;&nbsp; What is Calvinism?<br><br>
			<a href="questions_worldview.html"><strong>Questions about Apologetics and Worldview</strong></a><br>
				&nbsp;&nbsp;&nbsp;&nbsp; What is a Christian worldview?<br>
				&nbsp;&nbsp;&nbsp;&nbsp; What is Christian apologetics?<br>
				&nbsp;&nbsp;&nbsp;&nbsp; Is Jesus a myth?<br>
				&nbsp;&nbsp;&nbsp;&nbsp; Is there an argument for the existence of God?<br><br>
			<strong><a href="questions_Christian.html">Questions about the Christian Life (1)</a><a href="questions_Christian-2.html">(2)</a></strong><br>
				&nbsp;&nbsp;&nbsp;&nbsp; How can we recognize the voice of God?<br>
				&nbsp;&nbsp;&nbsp;&nbsp; What does the Bible say about Christian tithing? Should a Christian tithe?<br>
				&nbsp;&nbsp;&nbsp;&nbsp; How can I know God's will?<br>
				&nbsp;&nbsp;&nbsp;&nbsp; How can I overcome sin in my Christian life?<br><br>
			<a href="questions_prayer.html"><strong>Questions about Prayer</strong></a><br>
				&nbsp;&nbsp;&nbsp;&nbsp; Why pray?<br>
				&nbsp;&nbsp;&nbsp;&nbsp; What is the Lord's prayer and should we pray it?<br>
				&nbsp;&nbsp;&nbsp;&nbsp; How can I get my prayers answered by God?<br>
				&nbsp;&nbsp;&nbsp;&nbsp; What is intercessory prayer?<br><br>
			<a href="questions_sin.html"><strong>Questions about Sin</strong></a><br>
				&nbsp;&nbsp;&nbsp;&nbsp; How can I know if something is a sin?<br>
				&nbsp;&nbsp;&nbsp;&nbsp; Are all sins equal to God?<br>
				&nbsp;&nbsp;&nbsp;&nbsp; Is it ok to drink alcohol?<br>
				&nbsp;&nbsp;&nbsp;&nbsp; Is homosexuality a sin?<br><br>
			<a href="questions_eternity.html"><strong>Questions about Eternity</strong></a><br>
				&nbsp;&nbsp;&nbsp;&nbsp; Will I be able to recognize my family members in Heaven?<br>
				&nbsp;&nbsp;&nbsp;&nbsp; Are there different levels of Heaven?<br>
				&nbsp;&nbsp;&nbsp;&nbsp; Is hell truly eternal?<br>
				&nbsp;&nbsp;&nbsp;&nbsp; Can people look down on us from heaven?<br><br>
			<a href="questions_marriage.html"><strong>Questions about Marriage</strong></a><br>
				&nbsp;&nbsp;&nbsp;&nbsp; Is it wrong to marry outside of your own race?<br>
				&nbsp;&nbsp;&nbsp;&nbsp; What does the Bible say about divorce and remarriage?<br>
				&nbsp;&nbsp;&nbsp;&nbsp; What does it mean to be &quot;one flesh&quot; in a marriage?<br>
				&nbsp;&nbsp;&nbsp;&nbsp; Why did God allow polygamy in the Bible?<br><br>
			<a href="questions_relationships.html"><strong>Questions about Relationships</strong></a><br>
				&nbsp;&nbsp;&nbsp;&nbsp; What does the Bible say about sex before marriage?<br>
				&nbsp;&nbsp;&nbsp;&nbsp; What should / shouldn't a couple do before marriage?<br>
				&nbsp;&nbsp;&nbsp;&nbsp; What does the Bible say about dating / courting?<br>
				&nbsp;&nbsp;&nbsp;&nbsp; How young is too young to be in a romantic relationship?<br><br>
			<a href="questions_family-parenting.html"><strong>Questions about Family / Parenting</strong></a><br>
				&nbsp;&nbsp;&nbsp;&nbsp; What does the Bible say about adoption?<br>
				&nbsp;&nbsp;&nbsp;&nbsp; What are to be our priorities in our family life?<br>
				&nbsp;&nbsp;&nbsp;&nbsp; What does the Bible say about disciplining children?<br>			
				&nbsp;&nbsp;&nbsp;&nbsp; What does the Bible say about infertility?<br><br>
			<a href="questions_counseling-related.html"><strong>Counseling Related Questions</strong></a><br>
				&nbsp;&nbsp;&nbsp;&nbsp; How does psychology work with biblical counseling?<br>
				&nbsp;&nbsp;&nbsp;&nbsp; How does psychology work with Christian counseling?<br>
				&nbsp;&nbsp;&nbsp;&nbsp; What is nouthetic counseling?<br>			
				&nbsp;&nbsp;&nbsp;&nbsp; Should a Christian see a psychologist / psychiatrist?<br><br>
			<a href="questions_Creation.html"><strong>Questions about Creation</strong></a><br>
				&nbsp;&nbsp;&nbsp;&nbsp; What does the Bible say about Creation and Evolution?<br>
				&nbsp;&nbsp;&nbsp;&nbsp; What is the age of the earth? How old is the earth?<br>
				&nbsp;&nbsp;&nbsp;&nbsp; How do dinosaurs fit into the Biblical story of Creation?<br>
				&nbsp;&nbsp;&nbsp;&nbsp; Why are there two different accounts of Creation?<br><br>
			<a href="questions_Christianity.html"><strong>Questions about Christianity</strong></a><br>
				&nbsp;&nbsp;&nbsp;&nbsp; How do I convert to Christianity?<br>
				&nbsp;&nbsp;&nbsp;&nbsp; What makes Christianity unique?<br>
				&nbsp;&nbsp;&nbsp;&nbsp; What was early Christianity like?<br>
				&nbsp;&nbsp;&nbsp;&nbsp; How is the Christian religion different from all the other world religions?<br><br>
			<strong><a href="questions_cults-religions.html">Questions about Cults & Religions (1)</a><a href="questions_cults-religions-2.html">(2)</a></strong><br>
				&nbsp;&nbsp;&nbsp;&nbsp; Who are the Jehovah's Witnesses and what do they believe?<br>
				&nbsp;&nbsp;&nbsp;&nbsp; Is Catholicism a false religion?&nbsp; Are Catholics saved?<br>
				&nbsp;&nbsp;&nbsp;&nbsp; Do Christians and Muslims worship the same God?<br>
				&nbsp;&nbsp;&nbsp;&nbsp; What is Buddhism and what do Buddhists believe?<br><br>
			<a href="questions_false-doctrine.html"><strong>Questions about False Doctrine</strong></a><br>
				&nbsp;&nbsp;&nbsp;&nbsp; What is the Jesus Seminar?<br>
				&nbsp;&nbsp;&nbsp;&nbsp; Is being slain in the Spirit biblical?<br>
				&nbsp;&nbsp;&nbsp;&nbsp; What is transubstantiation?<br>
				&nbsp;&nbsp;&nbsp;&nbsp; What are the beliefs of Jesus only / oneness Pentecostals?<br><br>
			<a href="questions_life-decisions.html"><strong>Questions about Life Decisions</strong></a><br>
				&nbsp;&nbsp;&nbsp;&nbsp; Should Christians go to doctors?<br>
				&nbsp;&nbsp;&nbsp;&nbsp; Should a Christian be a Republican or Democrat?<br>
				&nbsp;&nbsp;&nbsp;&nbsp; What does the Bible say about lawsuits / suing?<br>
				&nbsp;&nbsp;&nbsp;&nbsp; What does the Bible say about women working outside the home?<br><br>
			<strong><a href="questions_topical-Bible.html">Topical Bible Questions (1)</a><a href="questions_topical-Bible-2.html">(2)</a></strong><br>
				&nbsp;&nbsp;&nbsp;&nbsp; What does the Bible say about anger?<br>
				&nbsp;&nbsp;&nbsp;&nbsp; What does the Bible say about depression?<br>
				&nbsp;&nbsp;&nbsp;&nbsp; What is the Christian view of psychics?<br>
				&nbsp;&nbsp;&nbsp;&nbsp; What does the Bible say about spiritual warfare?<br><br>
			<strong><a href="questions_miscellaneous-Bible.html">Miscellaneous Bible Questions (1)</a><a href="questions_miscellaneous-Bible-2.html">(2)</a></strong><br>
				&nbsp;&nbsp;&nbsp;&nbsp; Why do Jews and Arabs hate each other?<br>
				&nbsp;&nbsp;&nbsp;&nbsp; What does the Bible say about abortion?<br>
				&nbsp;&nbsp;&nbsp;&nbsp; Should a Christian be a Republican or a Democrat?<br>
				&nbsp;&nbsp;&nbsp;&nbsp; Do pets go to heaven when they die?</p>


